interaction,order,total,robust_hard,conditional_rate,baseline_rate,enrichment
central_even AND balanced AND middle_leaf_short,3,32,1,0.03125,0.005113999573833369,6.110677083333333
balanced AND middle_leaf_short AND terminal_min_ge3,3,43,1,0.023255813953488372,0.005113999573833369,4.547480620155039
bridge_le3 AND balanced AND middle_leaf_short,3,45,1,0.022222222222222223,0.005113999573833369,4.345370370370371
central_odd AND balanced AND terminal_min_ge3,3,138,2,0.014492753623188406,0.005113999573833369,2.8339371980676327
both_short_le3 AND unbalanced_ge9 AND middle_leaf_short,3,70,1,0.014285714285714285,0.005113999573833369,2.7934523809523806
fiveleaf3e AND balanced AND terminal_min_ge3,3,286,4,0.013986013986013986,0.005113999573833369,2.734848484848485
unbalanced_ge9 AND middle_leaf_short AND terminal_min_ge3,3,73,1,0.0136986301369863,0.005113999573833369,2.6786529680365296
central_even AND balanced AND terminal_min_ge3,3,148,2,0.013513513513513514,0.005113999573833369,2.642454954954955
both_short_le3 AND unbalanced_ge9 AND terminal_min_ge3,3,226,3,0.01327433628318584,0.005113999573833369,2.5956858407079646
balanced AND middle_leaf_short,2,77,1,0.012987012987012988,0.005113999573833369,2.5395021645021645
fiveleaf3e AND balanced AND middle_leaf_short,3,77,1,0.012987012987012988,0.005113999573833369,2.5395021645021645
both_short_le3 AND central_odd AND balanced,3,78,1,0.01282051282051282,0.005113999573833369,2.506944444444444
bridge_le3 AND central_odd AND balanced,3,157,2,0.012738853503184714,0.005113999573833369,2.490976645435244
central_odd AND unbalanced_ge9 AND middle_leaf_short,3,80,1,0.0125,0.005113999573833369,2.4442708333333334
bridge_le3 AND unbalanced_ge9 AND middle_leaf_short,3,88,1,0.011363636363636364,0.005113999573833369,2.222064393939394
central_even AND middle_leaf_short AND terminal_min_ge3,3,89,1,0.011235955056179775,0.005113999573833369,2.1970973782771535
bridge_le3 AND balanced AND terminal_min_ge3,3,289,3,0.010380622837370242,0.005113999573833369,2.029844290657439
bridge_le3 AND middle_leaf_short AND terminal_min_ge3,3,195,2,0.010256410256410256,0.005113999573833369,2.0055555555555555
both_short_le3 AND central_odd AND unbalanced_ge9,3,198,2,0.010101010101010102,0.005113999573833369,1.9751683501683504
both_short_le3 AND central_odd AND terminal_min_ge3,3,405,4,0.009876543209876543,0.005113999573833369,1.931275720164609
fiveleaf3e AND bridge_le3 AND balanced,3,311,3,0.00964630225080386,0.005113999573833369,1.8862540192926045
central_even AND balanced,2,217,2,0.009216589861751152,0.005113999573833369,1.8022273425499231
fiveleaf3e AND central_even AND balanced,3,217,2,0.009216589861751152,0.005113999573833369,1.8022273425499231
fiveleaf3e AND balanced,2,436,4,0.009174311926605505,0.005113999573833369,1.793960244648318
bridge_le3 AND central_odd AND terminal_min_ge3,3,656,6,0.009146341463414634,0.005113999573833369,1.7884908536585364
central_odd AND balanced,2,219,2,0.0091324200913242,0.005113999573833369,1.7857686453576862
fiveleaf3e AND central_odd AND balanced,3,219,2,0.0091324200913242,0.005113999573833369,1.7857686453576862
balanced AND terminal_min_ge3,2,441,4,0.009070294784580499,0.005113999573833369,1.773620559334845
fiveleaf2e AND unbalanced_ge9 AND terminal_min_ge3,3,332,3,0.009036144578313253,0.005113999573833369,1.7669427710843373
central_odd AND unbalanced_ge9 AND terminal_min_ge3,3,227,2,0.00881057268722467,0.005113999573833369,1.722834067547724
fiveleaf2e AND bridge_le3 AND terminal_min_ge3,3,686,6,0.008746355685131196,0.005113999573833369,1.7102769679300291
bridge_le3 AND central_even AND middle_leaf_short,3,116,1,0.008620689655172414,0.005113999573833369,1.6857040229885056
fiveleaf3e AND unbalanced_ge9 AND middle_leaf_short,3,119,1,0.008403361344537815,0.005113999573833369,1.6432072829131652
unbalanced_ge9 AND middle_leaf_short,2,119,1,0.008403361344537815,0.005113999573833369,1.6432072829131652
bridge_le3 AND unbalanced_ge9 AND terminal_min_ge3,3,481,4,0.008316008316008316,0.005113999573833369,1.6261261261261262
both_short_le3 AND middle_leaf_short AND terminal_min_ge3,3,121,1,0.008264462809917356,0.005113999573833369,1.616046831955923
both_short_le3 AND central_odd AND middle_leaf_short,3,122,1,0.00819672131147541,0.005113999573833369,1.6028005464480874
fiveleaf2e AND unbalanced_ge9,2,496,4,0.008064516129032258,0.005113999573833369,1.5769489247311828
both_short_le3 AND unbalanced_ge9,2,374,3,0.008021390374331552,0.005113999573833369,1.5685160427807487
bridge_le3 AND both_short_le3 AND unbalanced_ge9,3,374,3,0.008021390374331552,0.005113999573833369,1.5685160427807487
fiveleaf3e AND both_short_le3 AND unbalanced_ge9,3,374,3,0.008021390374331552,0.005113999573833369,1.5685160427807487
fiveleaf2e AND terminal_min_ge3,2,1274,10,0.007849293563579277,0.005113999573833369,1.5348639455782311
both_short_le3 AND balanced AND terminal_min_ge3,3,128,1,0.0078125,0.005113999573833369,1.5276692708333333
unbalanced_ge9 AND terminal_min_ge3,2,769,6,0.007802340702210663,0.005113999573833369,1.5256827048114434
terminal_min_ge3,1,3004,22,0.007323568575233023,0.005113999573833369,1.4320628051486906
bridge_le3 AND balanced,2,410,3,0.007317073170731708,0.005113999573833369,1.4307926829268294
bridge_le3 AND terminal_min_ge3,2,1978,14,0.007077856420626896,0.005113999573833369,1.384015840916751
central_odd AND terminal_min_ge3,2,858,6,0.006993006993006993,0.005113999573833369,1.3674242424242424
fiveleaf3e AND central_odd AND terminal_min_ge3,3,858,6,0.006993006993006993,0.005113999573833369,1.3674242424242424
fiveleaf3e AND middle_leaf_short AND terminal_min_ge3,3,286,2,0.006993006993006993,0.005113999573833369,1.3674242424242424
middle_leaf_short AND terminal_min_ge3,2,286,2,0.006993006993006993,0.005113999573833369,1.3674242424242424
fiveleaf3e AND terminal_min_ge3,2,1730,12,0.006936416184971098,0.005113999573833369,1.3563583815028901
both_short_le3 AND central_odd,2,580,4,0.006896551724137931,0.005113999573833369,1.3485632183908045
bridge_le3 AND both_short_le3 AND central_odd,3,580,4,0.006896551724137931,0.005113999573833369,1.3485632183908045
fiveleaf3e AND both_short_le3 AND central_odd,3,580,4,0.006896551724137931,0.005113999573833369,1.3485632183908045
central_even AND terminal_min_ge3,2,872,6,0.006880733944954129,0.005113999573833369,1.3454701834862386
fiveleaf3e AND central_even AND terminal_min_ge3,3,872,6,0.006880733944954129,0.005113999573833369,1.3454701834862386
fiveleaf3e AND unbalanced_ge9 AND terminal_min_ge3,3,437,3,0.006864988558352402,0.005113999573833369,1.342391304347826
fiveleaf2e AND bridge_le3,2,884,6,0.006787330316742082,0.005113999573833369,1.3272058823529411
bridge_le3 AND central_odd AND unbalanced_ge9,3,296,2,0.006756756756756757,0.005113999573833369,1.3212274774774775
bridge_le3 AND central_even AND balanced,3,154,1,0.006493506493506494,0.005113999573833369,1.2697510822510822
both_short_le3 AND terminal_min_ge3,2,785,5,0.006369426751592357,0.005113999573833369,1.245488322717622
bridge_le3 AND both_short_le3 AND terminal_min_ge3,3,785,5,0.006369426751592357,0.005113999573833369,1.245488322717622
fiveleaf3e AND both_short_le3 AND terminal_min_ge3,3,785,5,0.006369426751592357,0.005113999573833369,1.245488322717622
fiveleaf2e,1,1914,12,0.006269592476489028,0.005113999573833369,1.2259665621734586
both_short_le3 AND balanced,2,161,1,0.006211180124223602,0.005113999573833369,1.2145445134575568
bridge_le3 AND both_short_le3 AND balanced,3,161,1,0.006211180124223602,0.005113999573833369,1.2145445134575568
fiveleaf3e AND both_short_le3 AND balanced,3,161,1,0.006211180124223602,0.005113999573833369,1.2145445134575568
fiveleaf3e AND bridge_le3 AND terminal_min_ge3,3,1292,8,0.006191950464396285,0.005113999573833369,1.2107843137254903
fiveleaf2e AND terminal_min_le2 AND unbalanced_ge9,3,164,1,0.006097560975609756,0.005113999573833369,1.1923272357723578
bridge_le3 AND middle_leaf_short,2,330,2,0.006060606060606061,0.005113999573833369,1.18510101010101
fiveleaf3e AND bridge_le3 AND middle_leaf_short,3,330,2,0.006060606060606061,0.005113999573833369,1.18510101010101
bridge_le3 AND central_odd,2,1010,6,0.005940594059405941,0.005113999573833369,1.1616336633663367
fiveleaf3e AND bridge_le3 AND central_odd,3,1010,6,0.005940594059405941,0.005113999573833369,1.1616336633663367
balanced,1,677,4,0.005908419497784343,0.005113999573833369,1.15534219596258
unbalanced_ge9,1,1222,7,0.0057283142389525366,0.005113999573833369,1.1201241134751772
central_even AND middle_leaf_short,2,175,1,0.005714285714285714,0.005113999573833369,1.1173809523809524
fiveleaf3e AND central_even AND middle_leaf_short,3,175,1,0.005714285714285714,0.005113999573833369,1.1173809523809524
both_short_le3 AND central_even AND unbalanced_ge9,3,176,1,0.005681818181818182,0.005113999573833369,1.111032196969697
central_odd AND unbalanced_ge9,2,360,2,0.005555555555555556,0.005113999573833369,1.0863425925925927
fiveleaf3e AND central_odd AND unbalanced_ge9,3,360,2,0.005555555555555556,0.005113999573833369,1.0863425925925927
fiveleaf2e AND bridge_le3 AND unbalanced_ge9,3,186,1,0.005376344086021506,0.005113999573833369,1.051299283154122
both_short_le3 AND middle_leaf_short,2,189,1,0.005291005291005291,0.005113999573833369,1.0346119929453261
bridge_le3 AND both_short_le3 AND middle_leaf_short,3,189,1,0.005291005291005291,0.005113999573833369,1.0346119929453261
fiveleaf3e AND both_short_le3 AND middle_leaf_short,3,189,1,0.005291005291005291,0.005113999573833369,1.0346119929453261
bridge_le3 AND unbalanced_ge9,2,760,4,0.005263157894736842,0.005113999573833369,1.0291666666666666
fiveleaf3e AND bridge_le3 AND unbalanced_ge9,3,574,3,0.005226480836236934,0.005113999573833369,1.021994773519164
central_odd AND middle_leaf_short AND terminal_min_ge3,3,197,1,0.005076142131979695,0.005113999573833369,0.9925972927241962
bridge_le3,1,2915,14,0.004802744425385935,0.005113999573833369,0.939136649514008
central_even AND unbalanced_ge9 AND terminal_min_ge3,3,210,1,0.004761904761904762,0.005113999573833369,0.9311507936507937
bridge_le3 AND central_odd AND middle_leaf_short,3,214,1,0.004672897196261682,0.005113999573833369,0.9137461059190031
both_short_le3,1,1133,5,0.00441306266548985,0.005113999573833369,0.8629376287143277
bridge_le3 AND both_short_le3,2,1133,5,0.00441306266548985,0.005113999573833369,0.8629376287143277
fiveleaf3e AND both_short_le3,2,1133,5,0.00441306266548985,0.005113999573833369,0.8629376287143277
fiveleaf3e AND bridge_le3 AND both_short_le3,3,1133,5,0.00441306266548985,0.005113999573833369,0.8629376287143277
central_odd,1,1366,6,0.004392386530014641,0.005113999573833369,0.8588945827232797
fiveleaf3e AND central_odd,2,1366,6,0.004392386530014641,0.005113999573833369,0.8588945827232797
fiveleaf3e,1,2779,12,0.004318100035984167,0.005113999573833369,0.8443684778697373
central_even,1,1413,6,0.004246284501061571,0.005113999573833369,0.8303255484784147
fiveleaf3e AND central_even,2,1413,6,0.004246284501061571,0.005113999573833369,0.8303255484784147
fiveleaf3e AND unbalanced_ge9,2,726,3,0.004132231404958678,0.005113999573833369,0.8080234159779615
fiveleaf3e AND bridge_le3,2,2031,8,0.003938946331856229,0.005113999573833369,0.77022813064172
fiveleaf3e AND middle_leaf_short,2,514,2,0.0038910505836575876,0.005113999573833369,0.7608625162127107
middle_leaf_short,1,514,2,0.0038910505836575876,0.005113999573833369,0.7608625162127107
bridge_le3 AND central_even AND unbalanced_ge9,3,278,1,0.0035971223021582736,0.005113999573833369,0.7033872901678657
bridge_le3 AND central_even AND terminal_min_ge3,3,636,2,0.0031446540880503146,0.005113999573833369,0.6149109014675053
fiveleaf2e AND terminal_min_le2,2,640,2,0.003125,0.005113999573833369,0.6110677083333333
central_odd AND middle_leaf_short,2,339,1,0.0029498525073746312,0.005113999573833369,0.576819075712881
fiveleaf3e AND central_odd AND middle_leaf_short,3,339,1,0.0029498525073746312,0.005113999573833369,0.576819075712881
central_even AND unbalanced_ge9,2,366,1,0.00273224043715847,0.005113999573833369,0.5342668488160291
fiveleaf3e AND central_even AND unbalanced_ge9,3,366,1,0.00273224043715847,0.005113999573833369,0.5342668488160291
both_short_le3 AND central_even AND terminal_min_ge3,3,380,1,0.002631578947368421,0.005113999573833369,0.5145833333333333
terminal_min_le2 AND unbalanced_ge9,2,453,1,0.002207505518763797,0.005113999573833369,0.43165930831493743
bridge_le3 AND central_even,2,1021,2,0.0019588638589618022,0.005113999573833369,0.3830395037544891
fiveleaf3e AND bridge_le3 AND central_even,3,1021,2,0.0019588638589618022,0.005113999573833369,0.3830395037544891
both_short_le3 AND central_even,2,553,1,0.0018083182640144665,0.005113999573833369,0.35360156720916214
bridge_le3 AND both_short_le3 AND central_even,3,553,1,0.0018083182640144665,0.005113999573833369,0.35360156720916214
fiveleaf3e AND both_short_le3 AND central_even,3,553,1,0.0018083182640144665,0.005113999573833369,0.35360156720916214
terminal_min_le2,1,1689,2,0.0011841326228537595,0.005113999573833369,0.23154726662719555
both_short_le3 AND balanced AND middle_leaf_short,3,25,0,0.0,0.005113999573833369,0.0
both_short_le3 AND central_even AND balanced,3,83,0,0.0,0.005113999573833369,0.0
both_short_le3 AND central_even AND middle_leaf_short,3,67,0,0.0,0.005113999573833369,0.0
both_short_le3 AND central_even AND terminal_min_le2,3,173,0,0.0,0.005113999573833369,0.0
both_short_le3 AND central_odd AND terminal_min_le2,3,175,0,0.0,0.005113999573833369,0.0
both_short_le3 AND terminal_min_le2,2,348,0,0.0,0.005113999573833369,0.0
both_short_le3 AND terminal_min_le2 AND balanced,3,33,0,0.0,0.005113999573833369,0.0
both_short_le3 AND terminal_min_le2 AND middle_leaf_short,3,68,0,0.0,0.005113999573833369,0.0
both_short_le3 AND terminal_min_le2 AND unbalanced_ge9,3,148,0,0.0,0.005113999573833369,0.0
bridge_eq3,1,166,0,0.0,0.005113999573833369,0.0
bridge_eq3 AND terminal_min_ge3,2,94,0,0.0,0.005113999573833369,0.0
bridge_eq3 AND terminal_min_le2,2,72,0,0.0,0.005113999573833369,0.0
bridge_eq3 AND terminal_min_le2 AND unbalanced_ge9,3,18,0,0.0,0.005113999573833369,0.0
bridge_eq3 AND unbalanced_ge9,2,51,0,0.0,0.005113999573833369,0.0
bridge_eq3 AND unbalanced_ge9 AND terminal_min_ge3,3,33,0,0.0,0.005113999573833369,0.0
bridge_le3 AND both_short_le3 AND terminal_min_le2,3,348,0,0.0,0.005113999573833369,0.0
bridge_le3 AND bridge_eq3,2,166,0,0.0,0.005113999573833369,0.0
bridge_le3 AND bridge_eq3 AND terminal_min_ge3,3,94,0,0.0,0.005113999573833369,0.0
bridge_le3 AND bridge_eq3 AND terminal_min_le2,3,72,0,0.0,0.005113999573833369,0.0
bridge_le3 AND bridge_eq3 AND unbalanced_ge9,3,51,0,0.0,0.005113999573833369,0.0
bridge_le3 AND central_even AND terminal_min_le2,3,385,0,0.0,0.005113999573833369,0.0
bridge_le3 AND central_odd AND terminal_min_le2,3,354,0,0.0,0.005113999573833369,0.0
bridge_le3 AND terminal_min_le2,2,937,0,0.0,0.005113999573833369,0.0
bridge_le3 AND terminal_min_le2 AND balanced,3,121,0,0.0,0.005113999573833369,0.0
bridge_le3 AND terminal_min_le2 AND middle_leaf_short,3,135,0,0.0,0.005113999573833369,0.0
bridge_le3 AND terminal_min_le2 AND unbalanced_ge9,3,279,0,0.0,0.005113999573833369,0.0
central_even AND terminal_min_le2,2,541,0,0.0,0.005113999573833369,0.0
central_even AND terminal_min_le2 AND balanced,3,69,0,0.0,0.005113999573833369,0.0
central_even AND terminal_min_le2 AND middle_leaf_short,3,86,0,0.0,0.005113999573833369,0.0
central_even AND terminal_min_le2 AND unbalanced_ge9,3,156,0,0.0,0.005113999573833369,0.0
central_even AND unbalanced_ge9 AND middle_leaf_short,3,39,0,0.0,0.005113999573833369,0.0
central_odd AND balanced AND middle_leaf_short,3,45,0,0.0,0.005113999573833369,0.0
central_odd AND terminal_min_le2,2,508,0,0.0,0.005113999573833369,0.0
central_odd AND terminal_min_le2 AND balanced,3,81,0,0.0,0.005113999573833369,0.0
central_odd AND terminal_min_le2 AND middle_leaf_short,3,142,0,0.0,0.005113999573833369,0.0
central_odd AND terminal_min_le2 AND unbalanced_ge9,3,133,0,0.0,0.005113999573833369,0.0
fiveleaf2e AND balanced,2,241,0,0.0,0.005113999573833369,0.0
fiveleaf2e AND balanced AND terminal_min_ge3,3,155,0,0.0,0.005113999573833369,0.0
fiveleaf2e AND bridge_eq3,2,166,0,0.0,0.005113999573833369,0.0
fiveleaf2e AND bridge_eq3 AND terminal_min_ge3,3,94,0,0.0,0.005113999573833369,0.0
fiveleaf2e AND bridge_eq3 AND terminal_min_le2,3,72,0,0.0,0.005113999573833369,0.0
fiveleaf2e AND bridge_eq3 AND unbalanced_ge9,3,51,0,0.0,0.005113999573833369,0.0
fiveleaf2e AND bridge_le3 AND balanced,3,99,0,0.0,0.005113999573833369,0.0
fiveleaf2e AND bridge_le3 AND bridge_eq3,3,166,0,0.0,0.005113999573833369,0.0
fiveleaf2e AND bridge_le3 AND terminal_min_le2,3,198,0,0.0,0.005113999573833369,0.0
fiveleaf2e AND terminal_min_le2 AND balanced,3,86,0,0.0,0.005113999573833369,0.0
fiveleaf3e AND both_short_le3 AND terminal_min_le2,3,348,0,0.0,0.005113999573833369,0.0
fiveleaf3e AND bridge_le3 AND terminal_min_le2,3,739,0,0.0,0.005113999573833369,0.0
fiveleaf3e AND central_even AND terminal_min_le2,3,541,0,0.0,0.005113999573833369,0.0
fiveleaf3e AND central_odd AND terminal_min_le2,3,508,0,0.0,0.005113999573833369,0.0
fiveleaf3e AND terminal_min_le2,2,1049,0,0.0,0.005113999573833369,0.0
fiveleaf3e AND terminal_min_le2 AND balanced,3,150,0,0.0,0.005113999573833369,0.0
fiveleaf3e AND terminal_min_le2 AND middle_leaf_short,3,228,0,0.0,0.005113999573833369,0.0
fiveleaf3e AND terminal_min_le2 AND unbalanced_ge9,3,289,0,0.0,0.005113999573833369,0.0
terminal_min_le2 AND balanced,2,236,0,0.0,0.005113999573833369,0.0
terminal_min_le2 AND balanced AND middle_leaf_short,3,34,0,0.0,0.005113999573833369,0.0
terminal_min_le2 AND middle_leaf_short,2,228,0,0.0,0.005113999573833369,0.0
terminal_min_le2 AND unbalanced_ge9 AND middle_leaf_short,3,46,0,0.0,0.005113999573833369,0.0
