case,vertices,seed,status,solved,nodes,backtracks,elapsed_seconds,edges,labels
fiveleaf2-1-1-1-1-1-1,7,,solved,1,13,6,0.000000,0-1 0-2 0-3 1-4 1-5 1-6,0 6 4 2 1 3 5
fiveleaf2-1-1-1-1-1-2,8,,solved,1,23,15,0.000525,0-1 0-2 0-3 1-4 1-5 1-6 6-7,0 7 5 2 3 6 1 4
fiveleaf2-1-1-1-1-2-2,9,,solved,1,58,49,0.001291,0-1 0-2 0-3 1-4 1-5 5-6 1-7 7-8,0 8 4 3 2 1 6 7 5
fiveleaf2-1-1-1-2-2-2,10,,solved,1,43,33,0.001012,0-1 0-2 0-3 1-4 4-5 1-6 6-7 1-8 8-9,0 9 6 4 1 3 2 7 8 5
fiveleaf2-1-1-2-1-1-1,8,,solved,1,39,31,0.000998,0-1 0-2 0-3 3-4 1-5 1-6 1-7,0 7 2 5 6 1 3 4
fiveleaf2-1-1-2-1-1-2,9,,solved,1,39,30,0.001008,0-1 0-2 0-3 3-4 1-5 1-6 1-7 7-8,0 8 4 3 5 2 7 1 6
fiveleaf2-1-1-2-1-2-2,10,,solved,1,17,7,0.000000,0-1 0-2 0-3 3-4 1-5 1-6 6-7 1-8 8-9,0 9 3 6 4 8 1 5 2 7
fiveleaf2-1-1-2-2-2-2,11,,solved,1,167,156,0.002457,0-1 0-2 0-3 3-4 1-5 5-6 1-7 7-8 1-9 9-10,0 10 7 6 8 1 4 2 3 5 9
fiveleaf2-1-2-2-1-1-1,9,,solved,1,37,28,0.001003,0-1 0-2 2-3 0-4 4-5 1-6 1-7 1-8,0 8 7 4 1 5 2 3 6
fiveleaf2-1-2-2-1-1-2,10,,solved,1,327,317,0.004722,0-1 0-2 2-3 0-4 4-5 1-6 1-7 1-8 8-9,0 9 2 7 4 5 3 6 1 8
fiveleaf2-1-2-2-1-2-2,11,,solved,1,165,154,0.003367,0-1 0-2 2-3 0-4 4-5 1-6 1-7 7-8 1-9 9-10,0 10 6 4 5 9 7 1 8 2 3
fiveleaf2-1-2-2-2-2-2,12,,solved,1,374,362,0.006479,0-1 0-2 2-3 0-4 4-5 1-6 6-7 1-8 8-9 1-10 10-11,0 11 8 10 6 9 1 5 2 7 4 3
fiveleaf2-2-1-1-1-1-1,8,,solved,1,212,204,0.002312,0-2 2-1 0-3 0-4 1-5 1-6 1-7,3 0 6 1 2 7 5 4
fiveleaf2-2-1-1-1-1-2,9,,solved,1,112,103,0.002492,0-2 2-1 0-3 0-4 1-5 1-6 1-7 7-8,4 0 8 2 5 7 3 6 1
fiveleaf2-2-1-1-1-2-2,10,,solved,1,33,23,0.000000,0-2 2-1 0-3 0-4 1-5 1-6 6-7 1-8 8-9,3 0 9 6 5 1 8 4 7 2
fiveleaf2-2-1-1-2-2-2,11,,solved,1,11,0,0.000000,0-2 2-1 0-3 0-4 1-5 5-6 1-7 7-8 1-9 9-10,4 0 10 1 3 9 5 8 6 7 2
fiveleaf2-2-1-2-1-1-1,9,,solved,1,10,1,0.000000,0-2 2-1 0-3 0-4 4-5 1-6 1-7 1-8,4 0 8 1 2 3 7 6 5
fiveleaf2-2-1-2-1-1-2,10,,solved,1,28,18,0.001917,0-2 2-1 0-3 0-4 4-5 1-6 1-7 1-8 8-9,3 0 9 6 1 2 7 5 8 4
fiveleaf2-2-1-2-1-2-2,11,,solved,1,11,0,0.000000,0-2 2-1 0-3 0-4 4-5 1-6 1-7 7-8 1-9 9-10,4 0 10 6 1 2 7 9 5 8 3
fiveleaf2-2-1-2-2-2-2,12,,solved,1,19,7,0.001176,0-2 2-1 0-3 0-4 4-5 1-6 6-7 1-8 8-9 1-10 10-11,4 0 11 3 6 1 10 7 9 5 8 2
fiveleaf2-2-2-2-1-1-1,10,,solved,1,10,0,0.000000,0-2 2-1 0-3 3-4 0-5 5-6 1-7 1-8 1-9,4 0 9 1 5 2 3 8 7 6
fiveleaf2-2-2-2-1-1-2,11,,solved,1,11,0,0.001298,0-2 2-1 0-3 3-4 0-5 5-6 1-7 1-8 1-9 9-10,4 0 10 1 6 2 3 8 7 9 5
fiveleaf2-2-2-2-1-2-2,12,,solved,1,69,57,0.001206,0-2 2-1 0-3 3-4 0-5 5-6 1-7 1-8 8-9 1-10 10-11,5 0 11 1 6 3 4 8 10 7 9 2
fiveleaf2-2-2-2-2-2-2,13,,solved,1,14,1,0.001008,0-2 2-1 0-3 3-4 0-5 5-6 1-7 7-8 1-9 9-10 1-11 11-12,4 0 12 1 6 3 7 11 5 10 8 9 2
fiveleaf3-1-1-1-1-1-1-1,8,,solved,1,16,8,0.000000,0-1 1-2 0-3 0-4 1-5 2-6 2-7,0 7 1 4 3 5 6 2
fiveleaf3-1-1-1-1-1-1-2,9,,solved,1,56,47,0.001001,0-1 1-2 0-3 0-4 1-5 2-6 2-7 7-8,0 8 1 6 4 5 3 2 7
fiveleaf3-1-1-1-1-1-2-2,10,,solved,1,52,42,0.000000,0-1 1-2 0-3 0-4 1-5 2-6 6-7 2-8 8-9,0 9 1 6 4 7 8 3 2 5
fiveleaf3-1-1-1-1-2-1-1,9,,solved,1,47,38,0.000998,0-1 1-2 0-3 0-4 1-5 5-6 2-7 2-8,0 8 1 6 5 4 7 3 2
fiveleaf3-1-1-1-1-2-1-2,10,,solved,1,30,20,0.000000,0-1 1-2 0-3 0-4 1-5 5-6 2-7 2-8 8-9,0 9 1 6 3 4 2 5 8 7
fiveleaf3-1-1-1-1-2-2-2,11,,solved,1,81,70,0.001085,0-1 1-2 0-3 0-4 1-5 5-6 2-7 7-8 2-9 9-10,0 10 1 4 3 5 6 9 7 8 2
fiveleaf3-1-1-1-2-1-1-2,10,,solved,1,10,0,0.000000,0-1 1-2 0-3 0-4 4-5 1-6 2-7 2-8 8-9,0 9 1 6 7 8 4 3 5 2
fiveleaf3-1-1-1-2-1-2-2,11,,solved,1,199,188,0.002528,0-1 1-2 0-3 0-4 4-5 1-6 2-7 7-8 2-9 9-10,0 10 1 6 7 3 5 9 8 4 2
fiveleaf3-1-1-1-2-2-1-2,11,,solved,1,11,0,0.001354,0-1 1-2 0-3 0-4 4-5 1-6 6-7 2-8 2-9 9-10,0 10 1 5 8 4 3 6 2 7 9
fiveleaf3-1-1-1-2-2-2-2,12,,solved,1,25,13,0.000000,0-1 1-2 0-3 0-4 4-5 1-6 6-7 2-8 8-9 2-10 10-11,0 11 1 6 9 4 3 7 8 10 2 5
fiveleaf3-1-1-2-2-1-2-2,12,,solved,1,62,50,0.001008,0-1 1-2 0-3 3-4 0-5 5-6 1-7 2-8 8-9 2-10 10-11,0 11 1 9 10 8 2 4 6 3 5 7
fiveleaf3-1-1-2-2-2-2-2,13,,solved,1,15,2,0.000000,0-1 1-2 0-3 3-4 0-5 5-6 1-7 7-8 2-9 9-10 2-11 11-12,0 12 1 10 6 9 11 4 3 8 5 7 2
fiveleaf3-1-2-1-1-1-1-1,9,,solved,1,123,114,0.002694,0-1 1-3 3-2 0-4 0-5 1-6 2-7 2-8,0 8 3 2 7 5 4 6 1
fiveleaf3-1-2-1-1-1-1-2,10,,solved,1,39,29,0.000000,0-1 1-3 3-2 0-4 0-5 1-6 2-7 2-8 8-9,0 9 8 1 6 4 7 5 3 2
fiveleaf3-1-2-1-1-1-2-2,11,,solved,1,41,30,0.001430,0-1 1-3 3-2 0-4 0-5 1-6 2-7 7-8 2-9 9-10,0 10 9 1 6 3 8 2 7 5 4
fiveleaf3-1-2-1-1-2-1-1,10,,solved,1,11,1,0.000000,0-1 1-3 3-2 0-4 0-5 1-6 6-7 2-8 2-9,0 9 8 1 5 2 3 6 4 7
fiveleaf3-1-2-1-1-2-1-2,11,,solved,1,27,16,0.001012,0-1 1-3 3-2 0-4 0-5 1-6 6-7 2-8 2-9 9-10,0 10 9 1 6 4 5 8 7 2 3
fiveleaf3-1-2-1-1-2-2-2,12,,solved,1,19,7,0.000000,0-1 1-3 3-2 0-4 0-5 1-6 6-7 2-8 8-9 2-10 10-11,0 11 10 1 6 5 8 9 2 4 3 7
fiveleaf3-1-2-1-2-1-1-2,11,,solved,1,51,40,0.000996,0-1 1-3 3-2 0-4 0-5 5-6 1-7 2-8 2-9 9-10,0 10 6 2 7 9 8 4 1 3 5
fiveleaf3-1-2-1-2-1-2-2,12,,solved,1,19,7,0.001000,0-1 1-3 3-2 0-4 0-5 5-6 1-7 2-8 8-9 2-10 10-11,0 11 9 2 8 10 7 6 3 1 5 4
fiveleaf3-1-2-1-2-2-1-2,12,,solved,1,40,28,0.001001,0-1 1-3 3-2 0-4 0-5 5-6 1-7 7-8 2-9 2-10 10-11,0 11 9 2 1 10 4 3 8 6 5 7
fiveleaf3-1-2-1-2-2-2-2,13,,solved,1,21,8,0.000000,0-1 1-3 3-2 0-4 0-5 5-6 1-7 7-8 2-9 9-10 2-11 11-12,0 12 10 2 7 11 9 3 8 4 1 6 5
fiveleaf3-1-2-2-2-1-2-2,13,,solved,1,32,19,0.001001,0-1 1-3 3-2 0-4 4-5 0-6 6-7 1-8 2-9 9-10 2-11 11-12,0 12 1 3 11 5 10 7 4 8 9 6 2
fiveleaf3-1-2-2-2-2-2-2,14,,solved,1,26,12,0.000000,0-1 1-3 3-2 0-4 4-5 0-6 6-7 1-8 8-9 2-10 10-11 2-12 12-13,0 13 1 3 12 8 11 6 4 5 9 2 7 10
fiveleaf3-2-1-1-1-1-1-2,10,,solved,1,32,22,0.000000,0-3 3-1 1-2 0-4 0-5 1-6 2-7 2-8 8-9,1 0 9 8 3 2 6 5 4 7
fiveleaf3-2-1-1-1-1-2-2,11,,solved,1,39,28,0.000000,0-3 3-1 1-2 0-4 0-5 1-6 2-7 7-8 2-9 9-10,1 0 10 9 7 4 5 3 2 6 8
fiveleaf3-2-1-1-1-2-1-2,11,,solved,1,35,24,0.001506,0-3 3-1 1-2 0-4 0-5 1-6 6-7 2-8 2-9 9-10,2 0 10 9 6 1 8 3 4 7 5
fiveleaf3-2-1-1-1-2-2-2,12,,solved,1,12,0,0.000000,0-3 3-1 1-2 0-4 0-5 1-6 6-7 2-8 8-9 2-10 10-11,2 0 11 10 7 6 9 8 4 1 5 3
fiveleaf3-2-1-1-2-1-2-2,12,,solved,1,110,98,0.002138,0-3 3-1 1-2 0-4 0-5 5-6 1-7 2-8 8-9 2-10 10-11,1 0 11 10 4 9 8 7 5 3 6 2
fiveleaf3-2-1-1-2-2-2-2,13,,solved,1,20,7,0.001462,0-3 3-1 1-2 0-4 0-5 5-6 1-7 7-8 2-9 9-10 2-11 11-12,2 0 12 11 3 9 5 10 8 4 7 6 1
fiveleaf3-2-2-1-1-1-1-1,10,,solved,1,144,134,0.002029,0-3 3-1 1-4 4-2 0-5 0-6 1-7 2-8 2-9,0 1 8 9 3 7 6 2 4 5
fiveleaf3-2-2-1-1-1-1-2,11,,solved,1,37,26,0.000000,0-3 3-1 1-4 4-2 0-5 0-6 1-7 2-8 2-9 9-10,0 1 2 10 9 6 4 3 5 7 8
fiveleaf3-2-2-1-1-1-2-2,12,,solved,1,12,0,0.000998,0-3 3-1 1-4 4-2 0-5 0-6 1-7 2-8 8-9 2-10 10-11,0 1 2 11 10 5 4 3 9 6 8 7
fiveleaf3-2-2-1-1-2-1-1,11,,solved,1,114,103,0.001993,0-3 3-1 1-4 4-2 0-5 0-6 1-7 7-8 2-9 2-10,0 1 2 10 9 5 3 7 8 6 4
fiveleaf3-2-2-1-1-2-1-2,12,,solved,1,12,0,0.000000,0-3 3-1 1-4 4-2 0-5 0-6 1-7 7-8 2-9 2-10 10-11,0 1 3 11 10 6 4 9 7 2 8 5
fiveleaf3-2-2-1-1-2-2-2,13,,solved,1,34,21,0.001005,0-3 3-1 1-4 4-2 0-5 0-6 1-7 7-8 2-9 9-10 2-11 11-12,0 1 3 12 11 7 2 10 5 9 6 4 8
fiveleaf3-2-2-1-2-1-1-2,12,,solved,1,13,1,0.000000,0-3 3-1 1-4 4-2 0-5 0-6 6-7 1-8 2-9 2-10 10-11,0 2 3 11 9 8 10 6 7 5 4 1
fiveleaf3-2-2-1-2-1-2-2,13,,solved,1,15,2,0.000000,0-3 3-1 1-4 4-2 0-5 0-6 6-7 1-8 2-9 9-10 2-11 11-12,0 2 3 12 10 9 11 6 8 7 5 4 1
fiveleaf3-2-2-1-2-2-1-2,13,,solved,1,22,9,0.001511,0-3 3-1 1-4 4-2 0-5 0-6 6-7 1-8 8-9 2-10 2-11 11-12,0 2 3 12 10 9 11 7 8 5 4 1 6
fiveleaf3-2-2-1-2-2-2-2,14,,solved,1,15,1,0.001013,0-3 3-1 1-4 4-2 0-5 0-6 6-7 1-8 8-9 2-10 10-11 2-12 12-13,0 2 3 13 11 10 12 6 9 5 8 7 1 4
fiveleaf3-2-2-2-2-1-2-2,14,,solved,1,66,52,0.000994,0-3 3-1 1-4 4-2 0-5 5-6 0-7 7-8 1-9 2-10 10-11 2-12 12-13,0 3 6 13 10 12 4 11 2 5 1 7 9 8
fiveleaf3-2-2-2-2-2-2-2,15,,solved,1,27,12,0.000999,0-3 3-1 1-4 4-2 0-5 5-6 0-7 7-8 1-9 9-10 2-11 11-12 2-13 13-14,0 3 7 14 11 13 4 12 2 10 9 1 6 5 8
